trader,tier,cluster,cluster_label,weight,dollar_allocation,sharpe,sortino,max_drawdown,win_rate,composite_score
0x02fbbf39d1e3c142994b383af5ac3f2ad744cda9,core,2,high_wr_erratic_pos_skew,0.03081633210076062,3081.633210076062,4.5882165014664515,26.392422165349092,-0.005000223415933066,0.5675675675675675,0.7990654205607477
0x054a01da80ee37d5220af5471b1eedbdcd2cdb2f,core,1,pos_skew,0.0012738334185263232,127.38334185263233,2.9982497039385843,5.770477112802451,-0.36376218345315237,0.5232558139534884,0.6584112149532709
0x0a88fe672595ac29f214e0e1de712ec58abb525b,satellite,1,pos_skew,0.0037138000540126053,371.3800054012605,2.9268192947626415,0.9751681971428331,-0.2665262487318001,0.4418604651162791,0.4390186915887851
0x0b94d9966717e894d7a145f9642445ab151762c6,satellite,1,pos_skew,0.005305428648589437,530.5428648589437,2.375034975310684,3.76709025469392,-0.16149241620768515,0.5337078651685393,0.4600467289719626
0x0da551d5369704e0cef6386127d889560800b5f6,core,1,pos_skew,0.0008916833929684261,89.16833929684262,3.143713900185427,5.315018362744201,-0.18183672495200662,0.5616438356164384,0.6619158878504672
0x0ddde365cdff6b4827d2f7d0c66f8c99b18f6e54,satellite,1,pos_skew,0.00021409318265171905,21.409318265171905,2.398739496333616,4.20380068684936,-0.28561942856668765,0.45925925925925926,0.5481308411214953
0x0fd468a73084daa6ea77a9261e40fdec3e67e0c7,satellite,1,pos_skew,0.005305428648589437,530.5428648589437,2.619900454116617,5.284822043697328,-0.46426578042518707,0.5280898876404494,0.5427570093457944
0x121c93d3accf50bab046fe499fcefc07fbe6386a,core,0,high_vol_pos_skew,0.0010000378270770644,100.00378270770645,2.1482961414031068,11.379005734010054,-0.20577485652646177,0.6372549019607843,0.6948598130841123
0x17241870b9263ad46f3c717bc1a36089c8179d02,core,2,high_wr_erratic_pos_skew,0.04548169918557977,4548.169918557976,7.260774021583999,12.742898442750755,-0.04218887480100559,0.6785714285714286,0.7855140186915888
0x193c6bcb33eab0b35989f2b6d1acc922b66409f2,satellite,1,pos_skew,0.00021409318265171905,21.409318265171905,1.6330848631801353,2.7663883104875246,-0.34578004250997707,0.5348837209302325,0.37266355140186913
0x1a5612386dce50174bd467498afa607df418d7c6,satellite,1,pos_skew,0.00021409318265171905,21.409318265171905,2.102809508673997,3.4634990032732493,-0.35500586321338357,0.4941860465116279,0.5675233644859813
0x1a6fed4bf6ae595834e6d2d56c72dfee26e99715,core,1,pos_skew,0.005305428648589437,530.5428648589437,4.287646972757457,14.453585637581522,-0.060461644011292705,0.42857142857142855,0.8476635514018692
0x1d2a3b568e82678f22df040485b8cc006f3d0ea6,satellite,1,pos_skew,0.00010490565949934233,10.490565949934233,1.81057819307042,3.015937479713458,-0.3194720801265032,0.5232558139534884,0.37640186915887847
0x1e32ab6deb18952c6625e6e65628bb49b5d0a768,core,1,pos_skew,0.0006241783750778983,62.41783750778983,3.3512815285817297,6.202846156963706,-0.4936686698780662,0.5979381443298969,0.7446261682242991
0x1e771e1b95c86491299d6e2a5c3b3842d03b552e,satellite,1,pos_skew,2.518784884579209e-05,2.5187848845792087,2.1936323871479684,3.235407029247241,-0.23350640733213515,0.563953488372093,0.6049065420560747
0x21ee4b39f27afcaa6462d84bd904497f44411c5e,core,0,high_vol_pos_skew,0.004165088825810349,416.50888258103487,3.157283079958313,12.93245805910996,-0.0916080959744195,0.5517241379310345,0.7261682242990655
0x2431edfcb662e6ff6deab113cc91878a0b53fb0f,satellite,1,pos_skew,0.005305428648589437,530.5428648589437,2.2246805655360986,3.176174487023209,-0.2534799044043086,0.5730337078651685,0.5254672897196262
0x24c2fe1544fef9056db52c91d0b1fb4b1dc4e48f,core,1,pos_skew,0.0003058474037881701,30.58474037881701,3.735495833905875,6.735841959040553,-0.0924878833506254,0.65,0.7649532710280375
0x24d02e64d4a2580d570666546ac937adab2b3e08,satellite,0,high_vol_pos_skew,1.3841810776437614e-05,1.3841810776437613,1.2990778868677784,6.498962043285394,-0.42489229964963204,0.5202312138728323,0.4481308411214953
0x250a09aafe5c4e63a8c11d1743e19694d79ce113,satellite,1,pos_skew,1.763149419205446e-05,1.763149419205446,2.0841752189772396,3.9480031351094427,-0.24719172735989825,0.5224719101123596,0.4593457943925233
0x29721caea4427b6bf8061f2fee469a62be1d02be,satellite,1,pos_skew,0.005305428648589437,530.5428648589437,2.888768576433292,4.24359773732257,-0.45032449555158083,0.6204379562043796,0.577570093457944
0x2b294f5aaf6d6f8081bc98069ebd8c4eb60cda44,core,0,high_vol_pos_skew,0.008500181277163978,850.0181277163979,2.44216777955964,33.2850358910769,-0.4264442850303221,0.4772727272727273,0.760981308411215
0x2cd9f4645b14bf968212c7c108213eaeb193946e,core,1,pos_skew,0.005305428648589437,530.5428648589437,3.9067461611853904,4.507791042131672,-0.10042213418820753,0.417910447761194,0.6827102803738317
0x2ebdee94cb5df4a8f4b5acab118f6d4e55896aed,satellite,2,high_wr_erratic_pos_skew,0.002915562178067244,291.5562178067244,2.4973453869317868,5.536919740027776,-0.2723117610476499,0.5780346820809249,0.5460280373831776
0x2f7479ad52a75eb90a9b2acfb296a39d41828c36,satellite,1,pos_skew,0.0003058474037881701,30.58474037881701,2.0468786506027477,3.3723346642665373,-0.3814590548769235,0.4968944099378882,0.4967289719626168
0x31dea2516beee92135b96f464eeec3cf292a13f2,core,1,pos_skew,0.005305428648589437,530.5428648589437,2.9173234626170808,4.556689281032931,-0.18897090168063208,0.5449438202247191,0.7245327102803738
0x32d7fb99e113c5480410768041302149897d4214,core,1,pos_skew,0.005305428648589437,530.5428648589437,3.3240832373930735,5.9856155897328085,-0.10005994915428278,0.35526315789473684,0.6962616822429907
0x335f45392f8d87745aaae68f5c192849afd9b60e,satellite,1,pos_skew,0.0037138000540126053,371.3800054012605,2.102201461677637,4.120405582098801,-0.28368064270708443,0.5056179775280899,0.41542056074766354
0x33821578405bd53f0eed2895496922b528d95e21,satellite,1,pos_skew,0.005305428648589437,530.5428648589437,2.74596250522106,4.182929506199957,-0.3888440619695105,0.36363636363636365,0.5670560747663551
0x3998ad17e3fd11f60c24cd3d8b6552a4eb4ff3f6,satellite,1,pos_skew,0.0013799996971518346,137.99996971518345,2.0355948264220203,2.2723111719636213,-0.059501571449068216,0.45614035087719296,0.5376168224299065
0x3a1191221d6cf7584fa220378b1d911c5a051f95,core,0,high_vol_pos_skew,0.01734730872890608,1734.730872890608,2.6155532445274576,46.04539932777863,-0.15746571456543246,0.5406976744186046,0.7035046728971962
0x3a6747c8e913085e243a2c22d188dafa8c6a612a,satellite,2,high_wr_erratic_pos_skew,0.012143116110234255,1214.3116110234255,2.272745429034453,2.225229556972181,-0.22066135813058838,0.6744186046511628,0.3841121495327102
0x3a9953003034c9d4f512e91f7dbc0e0698142a5f,satellite,1,pos_skew,0.005305428648589437,530.5428648589437,2.7701637717696697,4.153870623361831,-0.2832109470065537,0.3977272727272727,0.5315420560747663
0x3c16fc881bbbde5771e9026fc888bf5493e3b4b1,satellite,2,high_wr_erratic_pos_skew,0.012143116110234255,1214.3116110234255,2.3350550253607247,2.2846001778885774,-0.15274712148774677,0.7303370786516854,0.6116822429906542
0x3d6184223dd0d5239947793746faec00b63ae990,satellite,1,pos_skew,0.0037138000540126053,371.3800054012605,1.8584873500463657,3.251251506645749,-0.2819332278665804,0.3620689655172414,0.430607476635514
0x3dd7cac1a7bc4b8c40af140e18dbfdcfb9e73a62,core,1,pos_skew,0.0012738334185263232,127.38334185263233,3.178451629167093,5.7342298830472815,-0.3947039496844248,0.6116504854368932,0.705607476635514
0x3e6c5926f682b372c0a916a5c245ecd7ea8b9d8c,satellite,1,pos_skew,0.00021409318265171905,21.409318265171905,1.7722459105215782,4.833382994679058,-0.2545597453146111,0.48201438848920863,0.5135514018691589
0x406073860818ecfb7dca0706a6bac73faa95bd3e,core,1,pos_skew,0.0018197620264661762,181.97620264661762,3.2581780760958496,6.633366951938047,-0.16845190214791658,0.5955056179775281,0.7850467289719626
0x40f565826fdda5c2f8f174fdb51cf4d5b516fd75,satellite,1,pos_skew,6.047602507874679e-06,0.6047602507874679,3.0393697283013656,5.43600760611457,-0.07318752813930693,0.5068493150684932,0.5848130841121495
0x44f481f406d178c278346c5f94d8ac19438f7edd,satellite,1,pos_skew,0.005305428648589437,530.5428648589437,3.095015346031235,4.597493301366529,-0.0965075714044496,0.5423728813559322,0.6011682242990655
0x45c42fbd450b5506f8dc819d46036630fe75b81e,satellite,2,high_wr_erratic_pos_skew,0.01734730872890608,1734.730872890608,2.2213342221055767,4.472732553633272,-0.4966212741375621,0.5,0.43668224299065417
0x47807d3f6ae34ff6aa1fc8fe4e7b742197c1e125,core,1,pos_skew,0.0018197620264661762,181.97620264661762,3.5935413721858325,9.141853325697191,-0.4487684386071079,0.5348837209302325,0.7200934579439252
0x4a19c9768629266caad38bd6857c6a4161532c19,satellite,0,high_vol_pos_skew,0.0007000264789539452,70.00264789539452,1.8585756409874172,14.815158251880682,-0.3415001055828495,0.5581395348837209,0.5551401869158878
0x4c7d7b58b0da6a7dc7d49f48869318942a0f60cb,satellite,1,pos_skew,0.00014986522785620334,14.986522785620334,2.1038361982517264,4.9938115321316054,-0.2800424942636729,0.5272727272727272,0.5838785046728971
0x4d0984009c62830b9f762514716f2c6b34ea228a,core,1,pos_skew,0.006458002746999266,645.8002746999266,3.8742432784631577,7.907584132516587,-0.07840650658179568,0.449438202247191,0.7647196261682243
0x4e5578a97662a79c07b53e3f1e4731eb9676fb57,core,1,pos_skew,0.005305428648589437,530.5428648589437,3.9919098230080365,8.64797164937773,-0.218732315993218,0.4230769230769231,0.6738317757009347
0x4faf9534f8f029d03561d245b3b442b1c2e14ee2,satellite,1,pos_skew,0.005305428648589437,530.5428648589437,2.5140639124230777,5.096470502527391,-0.48907756402051544,0.42528735632183906,0.49439252336448597
0x4fec34a3ba424b0212df81a9a8023051f67cf3f2,core,1,pos_skew,0.00010490565949934233,10.490565949934233,3.9059751704893984,7.613346550518488,-0.11746740418933017,0.5714285714285714,0.7338785046728972
0x504ec17f392b0aea095a1774146316bbeb464683,satellite,1,pos_skew,0.0018197620264661762,181.97620264661762,2.2920959300023647,2.7536390792414083,-0.241571127048128,0.5224719101123596,0.522196261682243
0x540012097465cf0beb9113a0a28c4484d7c57bdc,core,1,pos_skew,0.005305428648589437,530.5428648589437,6.532116095231461,16.94574950269177,-0.13063929471844052,0.5882352941176471,0.844392523364486
0x565b1c32936bdaa526947178acc95c5b08cfacc4,satellite,1,pos_skew,0.0037138000540126053,371.3800054012605,1.5118560793956206,2.2342414714385495,-0.3077448095421312,0.5112359550561798,0.425
0x56cd86d6ef24a3f51ce6992b7f1db751b0a0276a,satellite,1,pos_skew,1.763149419205446e-05,1.763149419205446,3.02594164772288,4.425650952693106,-0.2827003384309174,0.5403726708074534,0.5670560747663551
0x570b09e27a87f9acbce49f85056745d29b3ee3c6,core,1,pos_skew,0.0018197620264661762,181.97620264661762,4.76854949822621,8.199327261488445,-0.3958692773971127,0.5974025974025974,0.7815420560747663
0x5772e5982a6067830f43cbcddb9d1bb1cbc81657,satellite,1,pos_skew,0.0012738334185263232,127.38334185263233,2.409499366451356,5.440448877155623,-0.22991895474929172,0.43283582089552236,0.5885514018691589
0x597077efeb1bca71deaf556bac4d8e28a4595bef,core,1,pos_skew,0.005305428648589437,530.5428648589437,4.326860198200561,7.332719272747622,-0.26602048163077113,0.5425531914893617,0.8257009345794393
0x5a7581618829f377a16be2338eabdd03fece0eaf,core,2,high_wr_erratic_pos_skew,0.008500181277163978,850.0181277163979,5.708803700982426,9.294591086343306,-0.13608719892511095,0.7674418604651163,0.783411214953271
0x5e0c4ce4d138c75f649c07e1a49986149f0fc404,core,1,pos_skew,0.00043692486255452877,43.69248625545288,3.5693965019569003,6.579286718381261,-0.06598153152482888,0.6,0.7668224299065421
0x5e196385ab94dd1889cb7f521ff74053ee423cf8,core,2,high_wr_erratic_pos_skew,0.01734730872890608,1734.730872890608,4.766117481957614,6.789513293054656,-0.23568088508770985,0.6181818181818182,0.7878504672897197
0x5e53ce97fcd3abe46f1ab45abb3e9a9c5e19f193,satellite,1,pos_skew,0.005305428648589437,530.5428648589437,2.4987792090448724,4.845860722887626,-0.3568261800506159,0.5,0.525
0x6049ddfd35e4d9098a6367e36023f2a36792b642,satellite,1,pos_skew,0.011747584115662695,1174.7584115662694,4.310452065943132,1.1893999732301517,-0.49517658029970857,0.46629213483146065,0.5210280373831776
0x66e541024ca4c50b8f6c0934b8947c487d211661,core,2,high_wr_erratic_pos_skew,0.0014286254672529494,142.86254672529495,2.855360919529593,5.628684725462378,-0.3594513004242369,0.6104651162790697,0.6343457943925235
0x6979dde2781dc4ec843641b10b2a2f2e0f4bda62,core,1,pos_skew,7.343396164953962e-05,7.343396164953962,3.158765809397913,6.468146438797797,-0.4057118896974424,0.5333333333333333,0.7224299065420561
0x697c8c14cc04181b26d227c2e97241e3b1e61207,core,1,pos_skew,0.005305428648589437,530.5428648589437,4.3132576313955475,8.148463871211952,-0.28322421598645536,0.4918032786885246,0.7373831775700934
0x703c65097b0caeeb6742bebd12b04b337d931b94,core,2,high_wr_erratic_pos_skew,0.035908078175735963,3590.8078175735964,7.658027894409608,11.240257865428454,-0.046879003314720065,0.6428571428571429,0.7717289719626168
0x71195903d21fc9c6c045e83c40b38f6cd049b388,satellite,1,pos_skew,0.005305428648589437,530.5428648589437,2.139377262575136,3.3257416817024787,-0.43715201160885614,0.4438202247191011,0.4803738317757009
0x71f060a388589f2917df5e6b79a1e43baad1b611,satellite,0,high_vol_pos_skew,0.01734730872890608,1734.730872890608,2.3176606360023224,7.5731669253735765,-0.4938171839701414,0.48314606741573035,0.6011682242990654
0x724691a0fd2d1ac28a556c97f0a2f5af21ca4ad2,core,1,pos_skew,0.00010490565949934233,10.490565949934233,2.6160853688312864,3.4606781860479807,-0.2626564403750986,0.5416666666666666,0.6373831775700934
0x72cb918356c4f6d3f1b2e532928110ba6995f139,satellite,0,high_vol_pos_skew,0.00011765345031778951,11.765345031778951,1.8168016602505306,5.0927142756802795,-0.46473834164544287,0.5174418604651163,0.5336448598130841
0x74dffdad17f5343419d606985908c67d2988f87c,satellite,1,pos_skew,0.0012738334185263232,127.38334185263233,2.1148293499160693,4.296788278290964,-0.10192725843680263,0.524390243902439,0.5878504672897197
0x7786498ffb58bedc6c392a4a40789be5c2da240d,core,1,pos_skew,0.008048571278974737,804.8571278974737,6.907162783311936,11.958788601202652,-0.042368381414488086,0.6491228070175439,0.8011682242990654
0x77c1dca853d201165f6d8bbc66c7758bf620cff2,satellite,0,high_vol_pos_skew,0.01734730872890608,1734.730872890608,1.7095033393058765,24.251391465393727,-0.4651940088488831,0.5088757396449705,0.5969626168224299
0x77d4aa158439c01cac7d726d1260ec627900ba35,satellite,1,pos_skew,1.763149419205446e-05,1.763149419205446,1.6800243870227607,2.9351196114309728,-0.36440650560148535,0.5,0.41051401869158877
0x7a5a42bd6b1fd13368732be8a7b63e06064e0394,satellite,1,pos_skew,0.002599660037808824,259.9660037808824,1.3870680678959941,1.9844588513403414,-0.3531900940877487,0.5465116279069767,0.37149532710280375
0x7e09dfbba23d078e16f038b1ed4c558185c4be1e,core,1,pos_skew,0.005648852704938799,564.88527049388,4.4348016128815315,13.221625286861386,-0.2805764151696739,0.43023255813953487,0.652803738317757
0x7ea852a2d9e31f41ff945908fd0bc02df969bcb1,core,1,pos_skew,7.343396164953962e-05,7.343396164953962,3.6855948893796957,6.950631617822846,-0.18039232877533493,0.527027027027027,0.7228971962616824
0x7fdf3e814f84e69831111f1cfefeb0936f81bb63,satellite,0,high_vol_pos_skew,0.01734730872890608,1734.730872890608,1.6331846359616449,5.6664456601530775,-0.15090921916445144,0.3651685393258427,0.4908878504672897
0x84282a0d37c4ba71309071575d55f2bafc779c82,core,1,pos_skew,0.005305428648589437,530.5428648589437,3.8118246659582624,8.700492757652146,-0.48345342486417686,0.5463917525773195,0.72803738317757
0x856c35038594767646266bc7fd68dc26480e910d,satellite,1,pos_skew,5.140377315467774e-05,5.140377315467774,1.8641817031049044,3.0423501939085327,-0.40575598202355817,0.5174418604651163,0.4114485981308411
0x87e8b39e166388f9fe6e57c291afc441c9e3a515,core,1,pos_skew,0.0037138000540126053,371.3800054012605,5.336672427558167,10.801647437357655,-0.2330039413698841,0.55,0.8509345794392523
0x890ee2210dc42e041dac383ec776be6d31c9fdce,core,1,pos_skew,0.005305428648589437,530.5428648589437,5.760946147169832,20.289052044595863,-0.10016410436014131,0.3974358974358974,0.8404205607476636
0x8ec2a23e27b723b02a8643669c97185810d17a68,satellite,1,pos_skew,8.639432154106684e-06,0.8639432154106684,2.1409870843367536,4.5069182684738145,-0.33073630112327246,0.5116279069767442,0.46518691588785044
0x8f844d3c0c06526387fa01d165fba8c3984efdac,satellite,1,pos_skew,0.005305428648589437,530.5428648589437,2.3162428966839226,3.529029771835067,-0.3887848418041263,0.5466666666666666,0.5785046728971963
0x971fc0c9becffd708c52a195b8a87c27359e77fa,core,1,pos_skew,0.011861622758277603,1186.1622758277604,3.9790228279834916,8.391238770621916,-0.0331293638826859,0.6416184971098265,0.8542056074766355
0x9803e982c4eb6d9b9e416966814e7f9fa4363bce,core,1,pos_skew,0.0008916833929684261,89.16833929684262,4.219512294359854,8.60413259121667,-0.09742838741179063,0.546875,0.780607476635514
0x988caf2d1aa1ffc52c666f67d9a3e13a72ba6e04,core,1,pos_skew,0.00010490565949934233,10.490565949934233,3.0799740012908776,8.640858412055085,-0.17817362520861732,0.5204081632653061,0.7434579439252337
0x98d5c0b380e528ae8f1d5d75d0734622d9a2e930,satellite,1,pos_skew,8.639432154106684e-06,0.8639432154106684,1.3637309985895345,2.732329510559715,-0.4212845274370806,0.48314606741573035,0.4105140186915887
0x9b5b1931fa5838a891973f9877c7648c93ee80cc,satellite,0,high_vol_pos_skew,0.0007000264789539452,70.00264789539452,1.7936468444348732,7.096429705064944,-0.22046156587406676,0.5224719101123596,0.622196261682243
0x9bc5cf674521a6e67f512ec1f46042d99f98e267,satellite,2,high_wr_erratic_pos_skew,1.1399326372259755e-06,0.11399326372259755,1.739784061892496,3.339867832515394,-0.06582883787506075,0.4649122807017544,0.4593457943925234
0xa1b6d8efbcb2fb750a84dbc05649fa4968034f04,satellite,2,high_wr_erratic_pos_skew,0.028016535172682638,2801.653517268264,3.2342587341011138,3.071427721249334,-0.17729032932592742,0.7359550561797753,0.564018691588785
0xa24c5ca26c41cc52aeac1d6886d37f6dd5d6949f,core,2,high_wr_erratic_pos_skew,0.012143116110234255,1214.3116110234255,3.571765096260948,6.588550918838038,-0.15771978833887024,0.6031746031746031,0.6728971962616823
0xa38157f31371eec73fd878097c249f16472b066c,core,3,high_vol_trend_low_wr_stable_pos_skew,0.01734730872890608,1734.730872890608,2.97624175121881,51.27656874369977,-0.06650287955615652,0.3695652173913043,0.8320093457943926
0xa415c4ded17cac76a1d81a54d9f4aeb48ffd4dd0,core,1,pos_skew,0.03706787845503852,3706.7878455038517,4.801019874910691,10.319310260824285,-0.008200767416375723,0.6744186046511628,0.9329439252336449
0xa4def896580eb78603cb59167c87928cb52e657b,core,2,high_wr_erratic_pos_skew,0.012143116110234255,1214.3116110234255,2.5692875145708407,10.004613608062137,-0.2212929413878179,0.6595744680851063,0.6359813084112149
0xa5367338a7ed2e1387f762aa0fac9275b917690d,core,1,pos_skew,0.005305428648589437,530.5428648589437,3.7532271642256227,4.817915273671168,-0.19367581649586235,0.4883720930232558,0.6364485981308412
0xa7bb99a56c80276c95cbd231cc1f222c465755f9,satellite,1,pos_skew,0.005305428648589437,530.5428648589437,1.9458262524706729,2.31114372767245,-0.23204228850612219,0.550561797752809,0.4488317757009346
0xa88cd544cf98db0859ecd4bc9d5d997ac8185d6f,satellite,1,pos_skew,0.00014986522785620334,14.986522785620334,1.9969503515838516,3.6106457038618336,-0.2859521023925373,0.49122807017543857,0.447196261682243
0xab625f3216f1c209a1c069b29491c3009f258292,satellite,0,high_vol_pos_skew,0.00011765345031778951,11.765345031778951,1.6674012450657336,5.324928363793448,-0.3800107122362724,0.47752808988764045,0.52196261682243
0xac7476e14f768e3e67c195e79c2490dd20c70127,satellite,1,pos_skew,0.00021409318265171905,21.409318265171905,2.0657229249400366,3.0339790298329494,-0.21240884425779025,0.5406976744186046,0.530841121495327
0xb141e5281265988bc271244c29fe9b44c3f780e6,core,2,high_wr_erratic_pos_skew,0.01734730872890608,1734.730872890608,3.404267902368964,8.081144741020958,-0.08656191849766624,0.5449438202247191,0.6469626168224298
0xb294909b2b1da1fe6ccc963dc673bba9f41ccb99,core,1,pos_skew,0.05305428648589437,5305.428648589437,3.190323754921219,3.9977066418114595,-0.005798141075634242,0.6388888888888888,0.6850467289719626
0xb3162a3c788399d9ec236c67a5af083dd78c8022,satellite,1,pos_skew,0.005305428648589437,530.5428648589437,2.3391278115398326,4.953560709123199,-0.15754506321130715,0.5290697674418605,0.6025700934579439
0xb49dd0f80e827d59027dae0da689adea7890c2ca,satellite,1,pos_skew,5.140377315467774e-05,5.140377315467774,2.0776439402242475,3.38577170688096,-0.21895516612792368,0.5393258426966292,0.45373831775700935
0xb4ab53a1392816ac685be2f60d6e807dea91d207,satellite,1,pos_skew,0.0006241783750778983,62.41783750778983,1.763637486610147,2.572535073518965,-0.20526369920002963,0.5605095541401274,0.45700934579439245
0xb4d96c7387a45fa2cb170fa1436a86640ab00eb1,satellite,0,high_vol_pos_skew,1.9774015394910875e-05,1.9774015394910875,1.8404207245101412,5.0538872322798145,-0.13039320747190578,0.4591194968553459,0.444392523364486
0xb58216005588bc45bd342a2525d52e05c69d13ac,core,1,pos_skew,0.012590970691075372,1259.0970691075372,6.6633904810669105,21.619571457882742,-0.00950976813592465,0.43636363636363634,0.8296728971962616
0xb743650b4f77bc022e0f5cd7dd7b742d791c521c,satellite,1,pos_skew,6.204447326207274e-05,6.204447326207274,2.1008615108409394,5.06560569933282,-0.07867915111558213,0.55,0.6182242990654206
0xb854f7f40f0f3e1801fb6d8828b6f6dd97ebf33b,satellite,0,high_vol_pos_skew,0.01734730872890608,1734.730872890608,2.2181194289284907,3.5960351045384975,-0.25626545116203553,0.398876404494382,0.45046728971962613
0xb8c104b71db6b86e581c0f65fd80672e3e653b20,satellite,1,pos_skew,0.0008916833929684261,89.16833929684262,2.264134228576466,3.8364861352156256,-0.2603930152565135,0.47540983606557374,0.40093457943925237
0xba939edf38c0ae0cc689c98b492e0535f43e4550,satellite,1,pos_skew,0.0003058474037881701,30.58474037881701,1.6678671621947603,1.7601203449289506,-0.1930260269711719,0.5433526011560693,0.36635514018691584
0xbb475febf78b528f4f0d4ae1a12541406565199c,satellite,1,pos_skew,0.0037138000540126053,371.3800054012605,2.324718573635042,4.577406786935097,-0.34169663132420564,0.5290697674418605,0.4651869158878505
0xbcf828248672d3cdd7e8e375388f05c6be0ae47c,satellite,1,pos_skew,0.0018197620264661762,181.97620264661762,2.3793985673076072,3.97412120300431,-0.1631900715118322,0.35294117647058826,0.5577102803738319
0xbd03ac5d302b76deb5820117ebfbb1600c718a47,core,1,pos_skew,0.005305428648589437,530.5428648589437,3.4663124441270967,6.3156691119907284,-0.20201986810475128,0.6164383561643836,0.7228971962616823
0xbde7d5dc6eeae1b0cac8d10edb030b2a274fa3dc,satellite,1,pos_skew,0.005305428648589437,530.5428648589437,2.808998215574381,4.3307172994870635,-0.45426250321529976,0.39090909090909093,0.5432242990654206
0xc1fd39727cd10fe97ccac228888f025309560a93,satellite,1,pos_skew,0.005305428648589437,530.5428648589437,2.4461183560231636,3.2044258075946863,-0.4963462580741615,0.5057471264367817,0.4768691588785046
0xc2d25de009756d3e2ff8a69fd68a02dd7679a8a2,satellite,2,high_wr_erratic_pos_skew,0.01734730872890608,1734.730872890608,1.8927752562958593,2.2575306749151736,-0.3150208238888533,0.5955056179775281,0.413785046728972
0xc3fee428d420118633661b813f01e32ba165a9ff,satellite,1,pos_skew,0.0003058474037881701,30.58474037881701,2.2643463337011402,2.849771772516168,-0.4400863845446098,0.45517241379310347,0.42990654205607476
0xcd6cd380329759474d36c2fbc7b9a13177f38bd9,satellite,1,pos_skew,5.140377315467774e-05,5.140377315467774,2.104033754806002,4.663743271483922,-0.48674761113969195,0.5581395348837209,0.544626168224299
0xd09fa948296e54d1ab73a0497c16403a08a84732,core,1,pos_skew,0.005305428648589437,530.5428648589437,4.011029831842877,15.71489215537579,-0.27062090758389945,0.46835443037974683,0.8268691588785049
0xd68ea1233b1256ba9dd6a28395c00368273d3366,satellite,1,pos_skew,0.005305428648589437,530.5428648589437,2.1166905855180618,3.268978770216044,-0.27206499775622733,0.5535714285714286,0.372196261682243
0xd7906ff6eec3c00a66e04b17271d59e0cf31662c,satellite,1,pos_skew,1.763149419205446e-05,1.763149419205446,2.059705140264558,3.754949088689686,-0.4088711589199965,0.5058139534883721,0.386214953271028
0xd7dee6aa08a0abf95e8631645e1cb6bb923934ed,core,1,pos_skew,0.008340900643697486,834.0900643697486,6.1974341005556886,12.16911738684635,-0.043824533832447554,0.47619047619047616,0.8266355140186916
0xd96a3304ea0fb4b6bee6ad555e874802dcd1ddcc,core,2,high_wr_erratic_pos_skew,0.01734730872890608,1734.730872890608,5.34003916483165,12.302143969572231,-0.24770302156533835,0.6233766233766234,0.875
0xdb7cc6edcad37adbe3149948b17bf4b492a16a38,satellite,0,high_vol_pos_skew,0.00016807635759684216,16.807635759684217,1.8665395060272485,5.781943564153279,-0.33334102731036763,0.5232558139534884,0.5411214953271027
0xdc0ff96c1ddbad424478ef10a4c71cd64c76e688,satellite,2,high_wr_erratic_pos_skew,0.00016807635759684216,16.807635759684217,2.209418494026244,3.392615529285329,-0.19272750804199928,0.6271186440677966,0.5102803738317757
0xdeb2bc7fb294b11152ee88165079485e27efb8ff,satellite,1,pos_skew,7.343396164953962e-05,7.343396164953962,1.722406909238867,2.877744335779071,-0.1535044515006406,0.5308641975308642,0.3766355140186916
0xe225cc851fe119e684a28d82a06cc4bb7a2c7c59,satellite,1,pos_skew,0.00021409318265171905,21.409318265171905,2.354305927899476,4.223048209281217,-0.14892615487391944,0.5228758169934641,0.4990654205607477
0xe377e2f11c745c294ad65686635217ec765059f2,satellite,1,pos_skew,0.005305428648589437,530.5428648589437,2.7166818261783576,3.641207433360953,-0.06395543926436331,0.5241935483870968,0.5046728971962617
0xe3b3482482899b4890ec5a2093cba2a558d0c14f,satellite,2,high_wr_erratic_pos_skew,0.004165088825810349,416.50888258103487,3.265416148750627,6.792119128868439,-0.476522086933249,0.6067415730337079,0.5922897196261683
0xe65c360b28bd3da42d9a07d97f500d8d480e8428,satellite,1,pos_skew,0.0003058474037881701,30.58474037881701,2.6286416938717085,3.6266104299289927,-0.17872087425231536,0.4805194805194805,0.5
0xe67f141977da22e5c34d15c19b35f180a1532715,satellite,1,pos_skew,0.005305428648589437,530.5428648589437,2.2280414013384813,3.116824058320829,-0.3905871466059824,0.5786516853932584,0.5268691588785046
0xe8681168f59af16c60c805dab7842eb75f127879,satellite,2,high_wr_erratic_pos_skew,0.008500181277163978,850.0181277163979,2.5796868351238156,1.7889531559278162,-0.3856807841208609,0.7209302325581395,0.5672897196261683
0xe9873814c821a97f5bfc7e504a162f51c20e8f56,satellite,0,high_vol_pos_skew,0.00016807635759684216,16.807635759684217,1.3548494429847944,2.0783594562692667,-0.26525303407883066,0.4011627906976744,0.36612149532710275
0xeac842b2214cfece3f0d288293da19f408d91ede,core,2,high_wr_erratic_pos_skew,0.01734730872890608,1734.730872890608,5.390868319622149,7.8502787112271735,-0.09051086254504148,0.68,0.802803738317757
0xeeaf4055e581dae6a4eaea0a66181ecb207787f1,core,1,pos_skew,0.002599660037808824,259.9660037808824,3.726051040411982,6.5607483187949684,-0.19975925234600936,0.5416666666666666,0.7843457943925234
0xf39bb94b221eb648edd35ae5c4a5cf7cc0f761fa,core,0,high_vol_pos_skew,0.008500181277163978,850.0181277163979,3.094407334845406,17.365828932710684,-0.2774103075407031,0.47619047619047616,0.7724299065420561
0xf53cab0c6f25f48f985d1e2c40e03fc7c1963364,core,2,high_wr_erratic_pos_skew,0.004165088825810349,416.50888258103487,3.6543782858218976,10.964024317261842,-0.255226196119337,0.5232558139534884,0.6932242990654205
0xf5a523b171032c060d49c39fbf2e9bec473e1286,core,1,pos_skew,0.005305428648589437,530.5428648589437,3.2287668447854942,4.167760043403693,-0.1864610108587146,0.4375,0.7317757009345794
0xf69f85924704c4ddfbdedd5150c176f576011bfa,core,1,pos_skew,0.005305428648589437,530.5428648589437,4.164926794542353,7.03586634034845,-0.13381675739425783,0.47761194029850745,0.7147196261682244
0xf6a948c516b3c9cb057d1c7c3894714562535e44,core,1,pos_skew,0.0006241783750778983,62.41783750778983,6.365236682636971,14.364518972480024,-0.13304436920972249,0.5862068965517241,0.7745327102803738
0xf6b534d0500813a37ec32494321a37c46268a98b,satellite,1,pos_skew,0.0018197620264661762,181.97620264661762,2.5286731820560364,5.446160967798788,-0.16442150899385535,0.50920245398773,0.47990654205607475
0xf83858e57d9f804f5ca1603bce82558119aeac7b,satellite,0,high_vol_pos_skew,0.01734730872890608,1734.730872890608,2.1583892110671243,7.033163004064991,-0.34320959851744476,0.5722543352601156,0.5922897196261682
0xf83e8bd8dff2f1157d83ba11e698263411f3dbea,satellite,1,pos_skew,0.0006241783750778983,62.41783750778983,2.372820700176796,3.534327633269326,-0.41856842422116264,0.5465116279069767,0.4532710280373832
0xf83ff544ed6f00fe7a74782aee3fd9ea54d96728,satellite,1,pos_skew,0.005305428648589437,530.5428648589437,1.8234352236991296,2.555846410030558,-0.39685220841473434,0.5224719101123596,0.41869158878504675
0xf970f3cc94919eeab9078899cf4e0c808ae1dc06,core,1,pos_skew,0.005305428648589437,530.5428648589437,8.460463876196657,26.88846772706324,-0.0725724371660513,0.4772727272727273,0.7502336448598131
0xf9de4e7c610b325781388dcbc39107b09c05dcbd,core,1,pos_skew,3.598264120827441e-05,3.5982641208274413,2.9238672307651115,8.484281477630207,-0.3614129569599839,0.4941860465116279,0.7053738317757009
0xfc7a1c51e26efc6a3c8245cac5a29bce4d7a25aa,core,1,pos_skew,1.763149419205446e-05,1.763149419205446,2.9533945913128026,5.781155265631213,-0.49808638653742393,0.5684210526315789,0.7016355140186916
0xfceb9b27ca0fdd239e36ffa5cbbaf51725f0de87,core,1,pos_skew,2.518784884579209e-05,2.5187848845792087,2.461858270888019,4.705247391804504,-0.08879902495269058,0.5657894736842105,0.685981308411215
0xfe8fd7c18c9209aba3d3e0c0584accfb5c22900d,core,1,pos_skew,0.0018197620264661762,181.97620264661762,5.159087891294245,10.374814930313873,-0.22831229891217325,0.35714285714285715,0.7130841121495328
0xfed459402e31f2e16260f2d89cd8e654498d35f1,satellite,0,high_vol_pos_skew,0.01734730872890608,1734.730872890608,1.8208005154295055,5.613284770639547,-0.37090156114113143,0.5,0.6315420560747663
0xff14b7d0c7b16a425d07c7ef9cedcb8c9db8f305,core,0,high_vol_pos_skew,0.01734730872890608,1734.730872890608,2.07849649801899,28.479688960862532,-0.44781025183538475,0.575,0.7955607476635514
